"id","timestamp","age","sex","location","feedback"
"CS-2026-0001","2026-01-05 12:00:07",42,"Female","La Riviere Anglaise","I was treated with contempt when I asked for clarification. Appalling attitude from the front desk."
"CS-2026-0002","2026-01-05 11:18:15",53,"Male","Bel Ombre","I was overcharged and when I complained they refused to explain the fees. Dishonest and unhelpful."
"CS-2026-0003","2026-01-06 12:36:03",59,"Female","Au Cap","The parking was a nightmare and inside it was chaos with no proper queue system. Badly managed."
"CS-2026-0004","2026-01-06 16:17:57",18,"Male","Anse Boileau","I waited over three hours at the counter and no one bothered to help me. Absolutely unacceptable service."
"CS-2026-0005","2026-01-06 11:00:24",46,"Female","Anse aux Pins","The toilets were filthy, the air conditioning was broken, and staff did not care. A miserable experience."
"CS-2026-0006","2026-01-07 14:30:33",28,"Male","Takamaka","My case has been pending for weeks with no updates. Every follow-up is met with excuses and delays."
"CS-2026-0007","2026-01-07 16:28:10",21,"Male","Beau Vallon","I submitted my forms two months ago and still received no response. This delay is completely unacceptable."
"CS-2026-0008","2026-01-07 15:23:44",18,"Female","Pointe Larue","The waiting area was overcrowded and the staff kept disappearing on long breaks. Shameful."
"CS-2026-0009","2026-01-08 11:59:09",34,"Female","Baie Sainte Anne","I was treated with contempt when I asked for clarification. Appalling attitude from the front desk."
"CS-2026-0010","2026-01-08 11:51:03",50,"Male","Bel Air","I took a day off work only to be told the system was down. No apology, no alternative. Infuriating."
"CS-2026-0011","2026-01-09 12:25:51",59,"Female","Bel Ombre","Everything was handled efficiently and kindly. A genuinely positive and pleasant experience."
"CS-2026-0012","2026-01-12 11:24:56",36,"Male","Pointe Larue","They demanded documents that were never mentioned before, forcing me to come back yet again. Ridiculous."
"CS-2026-0013","2026-01-12 12:09:17",34,"Male","Mont Buxton","I was given three different answers by three different officers. Nobody knows what they are doing here."
"CS-2026-0014","2026-01-12 14:31:03",26,"Female","Baie Sainte Anne","Thank you for the prompt and helpful assistance. The officer went out of their way to help me."
"CS-2026-0015","2026-01-12 12:34:05",34,"Male","Grand Anse Mahe","The toilets were filthy, the air conditioning was broken, and staff did not care. A miserable experience."
"CS-2026-0016","2026-01-12 11:25:22",45,"Male","Bel Ombre","The officer was abrupt, unfriendly and clearly wanted me gone as fast as possible. Very rude."
"CS-2026-0017","2026-01-12 11:37:23",18,"Female","Pointe Larue","The waiting area was overcrowded and the staff kept disappearing on long breaks. Shameful."
"CS-2026-0018","2026-01-12 15:06:05",57,"Male","Beau Vallon","I waited over three hours at the counter and no one bothered to help me. Absolutely unacceptable service."
"CS-2026-0019","2026-01-12 12:29:23",39,"Female","Takamaka","The person serving me was impatient and spoke to me in a condescending, rude manner."
"CS-2026-0020","2026-01-12 10:08:11",32,"Male","Beau Vallon","The whole process was needlessly complicated and no one was willing to explain anything."
"CS-2026-0021","2026-01-13 10:57:44",42,"Male","Glacis","Thank you for the prompt and helpful assistance. The officer went out of their way to help me."
"CS-2026-0022","2026-01-14 15:16:20",28,"Male","Roche Caiman","I was treated with contempt when I asked for clarification. Appalling attitude from the front desk."
"CS-2026-0023","2026-01-14 15:57:27",43,"Male","Takamaka","After queueing for two hours I was told I was in the wrong line. Nobody bothered to inform us earlier."
"CS-2026-0024","2026-01-15 12:43:25",27,"Female","Beau Vallon","I was given three different answers by three different officers. Nobody knows what they are doing here."
"CS-2026-0025","2026-01-16 09:41:27",46,"Female","Anse Boileau","My appointment was cancelled last minute with no explanation and no apology. Terrible customer care."
"CS-2026-0026","2026-01-16 10:49:15",43,"Female","Plaisance","I was passed from one desk to another with no clear answer. Completely disorganised and inefficient."
"CS-2026-0027","2026-01-16 16:14:59",50,"Male","Mont Buxton","I just wanted to note the time and location of my visit for my own records. No issue to report."
"CS-2026-0028","2026-01-16 11:14:27",32,"Male","Port Glaud","No one answers the phone and the queue moves at a snail's pace. Frustrating and poorly organised."
"CS-2026-0029","2026-01-19 15:29:42",35,"Female","Anse Royale","Neutral feedback: I visited to ask a routine question and received a clear, adequate answer."
"CS-2026-0030","2026-01-19 08:36:33",40,"Female","Anse Royale","The person serving me was impatient and spoke to me in a condescending, rude manner."
"CS-2026-0031","2026-01-20 13:58:40",47,"Female","Baie Sainte Anne","The counter closed early without any notice while dozens of us were still waiting. Very poor service."
"CS-2026-0032","2026-01-20 14:48:19",36,"Female","English River","I waited over three hours at the counter and no one bothered to help me. Absolutely unacceptable service."
"CS-2026-0033","2026-01-22 08:05:54",41,"Male","Takamaka","Thank you for the prompt and helpful assistance. The officer went out of their way to help me."
"CS-2026-0034","2026-01-22 11:12:22",45,"Male","Grand Anse Praslin","I took a day off work only to be told the system was down. No apology, no alternative. Infuriating."
"CS-2026-0035","2026-01-26 10:20:40",30,"Female","Pointe Larue","The toilets were filthy, the air conditioning was broken, and staff did not care. A miserable experience."
"CS-2026-0036","2026-01-26 10:10:32",40,"Female","Port Glaud","The officer was unhelpful and made me feel like a nuisance. Worst experience I have had with this office."
"CS-2026-0037","2026-01-26 08:57:06",54,"Male","La Digue","After queueing for two hours I was told I was in the wrong line. Nobody bothered to inform us earlier."
"CS-2026-0038","2026-01-26 12:09:38",38,"Male","Baie Sainte Anne","The online system kept crashing and the help desk simply told me to try again later. Useless."
"CS-2026-0039","2026-01-26 08:16:49",40,"Male","Grand Anse Mahe","No one answers the phone and the queue moves at a snail's pace. Frustrating and poorly organised."
"CS-2026-0040","2026-01-26 15:02:30",49,"Male","English River","Hours of waiting and then they closed the window right in front of me. Disgraceful treatment."
"CS-2026-0041","2026-01-27 08:33:25",71,"Female","Pointe Larue","Staff were chatting among themselves and ignored the long line of people waiting. Unprofessional."
"CS-2026-0042","2026-01-27 10:46:36",18,"Male","Anse Boileau","The officer was abrupt, unfriendly and clearly wanted me gone as fast as possible. Very rude."
"CS-2026-0043","2026-01-27 09:06:15",35,"Male","Takamaka","I felt completely ignored. The staff avoided eye contact and pretended not to see the queue growing."
"CS-2026-0044","2026-01-27 15:39:18",49,"Female","Bel Ombre","The whole process was needlessly complicated and no one was willing to explain anything."
"CS-2026-0045","2026-01-27 15:30:09",29,"Female","Roche Caiman","Staff were chatting among themselves and ignored the long line of people waiting. Unprofessional."
"CS-2026-0046","2026-01-28 10:12:41",49,"Female","Cascade","I called ten times and each time I was put on hold and then disconnected. Utterly frustrating."
"CS-2026-0047","2026-01-28 12:25:08",22,"Male","Grand Anse Praslin","The online system kept crashing and the help desk simply told me to try again later. Useless."
"CS-2026-0048","2026-01-28 16:27:01",55,"Female","Baie Lazare","The officer lost patience with an elderly woman and was openly disrespectful. I was appalled."
"CS-2026-0049","2026-01-28 14:51:43",61,"Male","Anse Boileau","The service was slow, the staff were unfriendly, and my problem is still unresolved. Deeply disappointed."
"CS-2026-0050","2026-01-28 13:18:27",39,"Female","Saint Louis","The staff were extremely rude and dismissive when I asked a simple question. Very disappointed."
"CS-2026-0051","2026-01-29 08:49:40",56,"Male","Saint Louis","I submitted my forms two months ago and still received no response. This delay is completely unacceptable."
"CS-2026-0052","2026-01-29 09:19:39",30,"Female","Plaisance","The online system kept crashing and the help desk simply told me to try again later. Useless."
"CS-2026-0053","2026-01-29 12:29:03",26,"Female","Baie Lazare","My appointment was cancelled last minute with no explanation and no apology. Terrible customer care."
"CS-2026-0054","2026-01-29 09:06:25",51,"Male","Saint Louis","I was given three different answers by three different officers. Nobody knows what they are doing here."
"CS-2026-0055","2026-01-29 14:47:57",24,"Male","Roche Caiman","Staff were chatting among themselves and ignored the long line of people waiting. Unprofessional."
"CS-2026-0056","2026-01-29 09:43:06",37,"Female","English River","Every time I visit there is a new excuse for the delay. The inefficiency is beyond frustrating."
"CS-2026-0057","2026-01-29 15:38:31",47,"Female","Saint Louis","I called ten times and each time I was put on hold and then disconnected. Utterly frustrating."
"CS-2026-0058","2026-01-30 13:20:24",50,"Female","Pointe Larue","Neutral feedback: I visited to ask a routine question and received a clear, adequate answer."
"CS-2026-0059","2026-01-30 10:12:46",49,"Female","Plaisance","Every time I visit there is a new excuse for the delay. The inefficiency is beyond frustrating."
"CS-2026-0060","2026-02-02 11:57:13",42,"Male","Plaisance","They lost my paperwork and blamed me for it. Disgraceful handling of a citizen's documents."
"CS-2026-0061","2026-02-02 13:59:02",53,"Male","Bel Ombre","The counter closed early without any notice while dozens of us were still waiting. Very poor service."
"CS-2026-0062","2026-02-02 08:16:11",47,"Female","Pointe Larue","I was given three different answers by three different officers. Nobody knows what they are doing here."
"CS-2026-0063","2026-02-02 12:05:25",65,"Male","Glacis","Very satisfied with the helpful staff and the fast, well-organised process. Highly appreciated."
"CS-2026-0064","2026-02-02 16:04:12",42,"Male","Plaisance","I was overcharged and when I complained they refused to explain the fees. Dishonest and unhelpful."
"CS-2026-0065","2026-02-02 15:37:47",36,"Male","Port Glaud","The service was slow, the staff were unfriendly, and my problem is still unresolved. Deeply disappointed."
"CS-2026-0066","2026-02-03 11:21:36",41,"Female","Pointe Larue","My case has been pending for weeks with no updates. Every follow-up is met with excuses and delays."
"CS-2026-0067","2026-02-03 09:44:25",31,"Female","Anse Royale","The officer was unhelpful and made me feel like a nuisance. Worst experience I have had with this office."
"CS-2026-0068","2026-02-03 10:14:03",58,"Male","Anse Etoile","The officer was unhelpful and made me feel like a nuisance. Worst experience I have had with this office."
"CS-2026-0069","2026-02-03 10:20:40",40,"Female","Takamaka","I felt completely ignored. The staff avoided eye contact and pretended not to see the queue growing."
"CS-2026-0070","2026-02-03 14:04:09",50,"Female","Takamaka","The officer was unhelpful and made me feel like a nuisance. Worst experience I have had with this office."
"CS-2026-0071","2026-02-04 11:04:43",42,"Female","Grand Anse Praslin","My complaint from last month was never even acknowledged. This office does not care about the public."
"CS-2026-0072","2026-02-04 11:00:20",47,"Female","Au Cap","The officer was abrupt, unfriendly and clearly wanted me gone as fast as possible. Very rude."
"CS-2026-0073","2026-02-04 10:16:39",23,"Male","Roche Caiman","I waited over three hours at the counter and no one bothered to help me. Absolutely unacceptable service."
"CS-2026-0074","2026-02-05 11:14:45",18,"Male","Takamaka","The staff gave me incorrect directions and I ended up wasting hours. Careless and unhelpful."
"CS-2026-0075","2026-02-05 11:58:12",54,"Male","Grand Anse Praslin","They lost my paperwork and blamed me for it. Disgraceful handling of a citizen's documents."
"CS-2026-0076","2026-02-06 12:51:35",28,"Female","Port Glaud","My appointment was cancelled last minute with no explanation and no apology. Terrible customer care."
"CS-2026-0077","2026-02-06 12:49:23",53,"Female","Anse Boileau","The person serving me was impatient and spoke to me in a condescending, rude manner."
"CS-2026-0078","2026-02-09 09:34:46",56,"Male","Port Glaud","Hours of waiting and then they closed the window right in front of me. Disgraceful treatment."
"CS-2026-0079","2026-02-09 10:49:53",40,"Female","English River","I was given three different answers by three different officers. Nobody knows what they are doing here."
"CS-2026-0080","2026-02-09 08:13:27",31,"Male","Bel Ombre","The receptionist was dismissive and rolled her eyes at my questions. Extremely unprofessional."
"CS-2026-0081","2026-02-09 09:16:38",49,"Male","Anse Royale","The information they gave me was wrong and I had to redo everything. Incompetent and careless."
"CS-2026-0082","2026-02-09 15:14:04",41,"Female","Les Mamelles","I was treated with contempt when I asked for clarification. Appalling attitude from the front desk."
"CS-2026-0083","2026-02-09 15:56:37",70,"Female","La Digue","The officer was patient and clearly explained everything. A pleasant and efficient experience."
"CS-2026-0084","2026-02-10 13:14:39",31,"Female","Anse Royale","The whole process was needlessly complicated and no one was willing to explain anything."
"CS-2026-0085","2026-02-11 08:46:48",51,"Male","Saint Louis","I took a day off work only to be told the system was down. No apology, no alternative. Infuriating."
"CS-2026-0086","2026-02-11 09:01:51",32,"Male","Baie Lazare","I called ten times and each time I was put on hold and then disconnected. Utterly frustrating."
"CS-2026-0087","2026-02-12 16:29:48",40,"Male","Plaisance","The whole process was needlessly complicated and no one was willing to explain anything."
"CS-2026-0088","2026-02-12 15:49:31",53,"Female","La Digue","I was shouted at for standing in the wrong spot when there were no signs anywhere. Outrageous."
"CS-2026-0089","2026-02-13 12:02:38",69,"Female","Au Cap","The staff gave me incorrect directions and I ended up wasting hours. Careless and unhelpful."
"CS-2026-0090","2026-02-16 08:54:07",57,"Male","Grand Anse Praslin","I was shouted at for standing in the wrong spot when there were no signs anywhere. Outrageous."
"CS-2026-0091","2026-02-16 16:03:21",38,"Male","Roche Caiman","My complaint from last month was never even acknowledged. This office does not care about the public."
"CS-2026-0092","2026-02-16 15:03:22",25,"Female","Cascade","The person serving me was impatient and spoke to me in a condescending, rude manner."
"CS-2026-0093","2026-02-16 09:46:26",57,"Female","Glacis","Every time I visit there is a new excuse for the delay. The inefficiency is beyond frustrating."
"CS-2026-0094","2026-02-16 15:59:29",18,"Female","Mont Buxton","The officer was unhelpful and made me feel like a nuisance. Worst experience I have had with this office."
"CS-2026-0095","2026-02-16 08:45:32",43,"Female","Anse Boileau","I was passed from one desk to another with no clear answer. Completely disorganised and inefficient."
"CS-2026-0096","2026-02-16 13:45:35",53,"Female","Glacis","I was overcharged and when I complained they refused to explain the fees. Dishonest and unhelpful."
"CS-2026-0097","2026-02-17 10:41:00",59,"Female","Pointe Larue","I took a day off work only to be told the system was down. No apology, no alternative. Infuriating."
"CS-2026-0098","2026-02-18 13:53:22",40,"Male","Les Mamelles","I waited over three hours at the counter and no one bothered to help me. Absolutely unacceptable service."
"CS-2026-0099","2026-02-18 10:45:15",51,"Female","Anse Etoile","There was no clear signage and no one to guide us. I wasted an entire morning going in circles."
"CS-2026-0100","2026-02-18 14:50:03",31,"Male","Anse Boileau","The counter closed early without any notice while dozens of us were still waiting. Very poor service."
"CS-2026-0101","2026-02-18 09:18:54",53,"Female","Anse Boileau","No one answers the phone and the queue moves at a snail's pace. Frustrating and poorly organised."
"CS-2026-0102","2026-02-18 12:09:18",39,"Female","Bel Air","Every time I visit there is a new excuse for the delay. The inefficiency is beyond frustrating."
"CS-2026-0103","2026-02-18 14:51:15",18,"Male","Anse Etoile","There was no clear signage and no one to guide us. I wasted an entire morning going in circles."
"CS-2026-0104","2026-02-19 15:31:08",30,"Male","Saint Louis","I submitted my forms two months ago and still received no response. This delay is completely unacceptable."
"CS-2026-0105","2026-02-19 15:36:33",39,"Female","Les Mamelles","The toilets were filthy, the air conditioning was broken, and staff did not care. A miserable experience."
"CS-2026-0106","2026-02-23 09:44:08",40,"Male","Anse Boileau","I submitted my forms two months ago and still received no response. This delay is completely unacceptable."
"CS-2026-0107","2026-02-23 09:31:02",67,"Male","Mont Buxton","The information they gave me was wrong and I had to redo everything. Incompetent and careless."
"CS-2026-0108","2026-02-23 13:02:05",43,"Male","Grand Anse Mahe","No one answers the phone and the queue moves at a snail's pace. Frustrating and poorly organised."
"CS-2026-0109","2026-02-23 12:04:48",50,"Male","Les Mamelles","The officer was abrupt, unfriendly and clearly wanted me gone as fast as possible. Very rude."
"CS-2026-0110","2026-02-23 16:29:19",34,"Male","Glacis","The front desk was welcoming and my paperwork was processed without any delay. Excellent job."
"CS-2026-0111","2026-02-23 10:22:41",26,"Female","Anse Royale","The officer was patient and clearly explained everything. A pleasant and efficient experience."
"CS-2026-0112","2026-02-23 11:21:59",38,"Male","Baie Sainte Anne","They lost my paperwork and blamed me for it. Disgraceful handling of a citizen's documents."
"CS-2026-0113","2026-02-23 08:26:47",18,"Male","Grand Anse Praslin","I took a day off work only to be told the system was down. No apology, no alternative. Infuriating."
"CS-2026-0114","2026-02-24 15:44:24",18,"Female","Anse aux Pins","No one answers the phone and the queue moves at a snail's pace. Frustrating and poorly organised."
"CS-2026-0115","2026-02-24 12:35:19",55,"Female","Plaisance","The whole process was needlessly complicated and no one was willing to explain anything."
"CS-2026-0116","2026-02-24 13:36:50",55,"Male","Anse Etoile","The whole process was needlessly complicated and no one was willing to explain anything."
"CS-2026-0117","2026-02-24 10:57:10",35,"Female","Baie Lazare","Staff were chatting among themselves and ignored the long line of people waiting. Unprofessional."
"CS-2026-0118","2026-02-25 12:53:23",39,"Female","Baie Lazare","I submitted my forms two months ago and still received no response. This delay is completely unacceptable."
"CS-2026-0119","2026-02-25 11:55:15",46,"Male","Anse Royale","The staff were friendly and helpful, and my request was handled quickly. Excellent service, thank you!"
"CS-2026-0120","2026-02-26 13:49:10",29,"Female","Pointe Larue","I was passed from one desk to another with no clear answer. Completely disorganised and inefficient."
"CS-2026-0121","2026-02-27 11:15:22",64,"Male","Takamaka","Very satisfied with the helpful staff and the fast, well-organised process. Highly appreciated."
"CS-2026-0122","2026-02-27 14:12:57",44,"Male","Takamaka","They demanded documents that were never mentioned before, forcing me to come back yet again. Ridiculous."
"CS-2026-0123","2026-02-27 14:03:24",36,"Female","La Digue","They kept losing track of my file and asked me to resubmit the same documents three times. Hopeless."
"CS-2026-0124","2026-02-27 16:29:34",50,"Female","English River","I submitted my forms two months ago and still received no response. This delay is completely unacceptable."
"CS-2026-0125","2026-03-02 09:31:54",29,"Male","Mont Buxton","I was overcharged and when I complained they refused to explain the fees. Dishonest and unhelpful."
"CS-2026-0126","2026-03-02 12:40:19",33,"Male","La Riviere Anglaise","My complaint from last month was never even acknowledged. This office does not care about the public."
"CS-2026-0127","2026-03-02 08:25:29",35,"Female","Bel Air","The service was slow, the staff were unfriendly, and my problem is still unresolved. Deeply disappointed."
"CS-2026-0128","2026-03-02 11:03:48",49,"Female","Takamaka","I felt completely ignored. The staff avoided eye contact and pretended not to see the queue growing."
"CS-2026-0129","2026-03-02 11:57:43",40,"Female","Les Mamelles","The officer was unhelpful and made me feel like a nuisance. Worst experience I have had with this office."
"CS-2026-0130","2026-03-02 10:14:10",36,"Female","Beau Vallon","The staff were extremely rude and dismissive when I asked a simple question. Very disappointed."
"CS-2026-0131","2026-03-02 16:28:12",61,"Female","Roche Caiman","Staff were chatting among themselves and ignored the long line of people waiting. Unprofessional."
"CS-2026-0132","2026-03-02 09:47:30",52,"Male","Les Mamelles","The information they gave me was wrong and I had to redo everything. Incompetent and careless."
"CS-2026-0133","2026-03-04 13:35:13",49,"Female","Beau Vallon","I waited over three hours at the counter and no one bothered to help me. Absolutely unacceptable service."
"CS-2026-0134","2026-03-04 16:19:17",59,"Male","English River","I felt completely ignored. The staff avoided eye contact and pretended not to see the queue growing."
"CS-2026-0135","2026-03-05 15:50:30",35,"Female","Grand Anse Praslin","I have come back four times now and my request is still not processed. This is a terrible waste of my time."
"CS-2026-0136","2026-03-05 15:47:48",38,"Male","La Digue","I felt completely ignored. The staff avoided eye contact and pretended not to see the queue growing."
"CS-2026-0137","2026-03-05 10:15:53",58,"Male","Au Cap","Impressed by the professionalism and courtesy of the officer who assisted me. Thank you very much."
"CS-2026-0138","2026-03-06 09:15:05",47,"Male","Baie Sainte Anne","The waiting area was overcrowded and the staff kept disappearing on long breaks. Shameful."
"CS-2026-0139","2026-03-06 15:17:10",35,"Female","Mont Buxton","The staff were extremely rude and dismissive when I asked a simple question. Very disappointed."
"CS-2026-0140","2026-03-09 13:27:05",54,"Female","Saint Louis","The staff were friendly and helpful, and my request was handled quickly. Excellent service, thank you!"
"CS-2026-0141","2026-03-09 09:59:52",46,"Female","Baie Lazare","The person serving me was impatient and spoke to me in a condescending, rude manner."
"CS-2026-0142","2026-03-09 14:03:22",47,"Female","Mont Buxton","The staff were extremely rude and dismissive when I asked a simple question. Very disappointed."
"CS-2026-0143","2026-03-09 11:47:19",41,"Female","Bel Ombre","I submitted my forms two months ago and still received no response. This delay is completely unacceptable."
"CS-2026-0144","2026-03-09 10:59:16",41,"Female","Pointe Larue","The whole process was needlessly complicated and no one was willing to explain anything."
"CS-2026-0145","2026-03-09 12:18:02",27,"Male","Anse Royale","I was overcharged and when I complained they refused to explain the fees. Dishonest and unhelpful."
"CS-2026-0146","2026-03-09 16:15:49",33,"Male","Port Glaud","The information they gave me was wrong and I had to redo everything. Incompetent and careless."
"CS-2026-0147","2026-03-11 11:21:24",39,"Male","Anse Royale","No one answers the phone and the queue moves at a snail's pace. Frustrating and poorly organised."
"CS-2026-0148","2026-03-11 12:12:37",65,"Male","Pointe Larue","There was no clear signage and no one to guide us. I wasted an entire morning going in circles."
"CS-2026-0149","2026-03-12 09:46:05",46,"Male","Baie Lazare","I was given three different answers by three different officers. Nobody knows what they are doing here."
"CS-2026-0150","2026-03-12 12:01:50",30,"Female","Anse Royale","Impressed by the professionalism and courtesy of the officer who assisted me. Thank you very much."
"CS-2026-0151","2026-03-16 11:45:38",18,"Female","English River","My appointment was cancelled last minute with no explanation and no apology. Terrible customer care."
"CS-2026-0152","2026-03-16 10:22:41",27,"Female","Beau Vallon","I waited over three hours at the counter and no one bothered to help me. Absolutely unacceptable service."
"CS-2026-0153","2026-03-16 14:43:09",39,"Female","Baie Lazare","They kept losing track of my file and asked me to resubmit the same documents three times. Hopeless."
"CS-2026-0154","2026-03-16 15:01:17",70,"Female","Anse aux Pins","The officer was unhelpful and made me feel like a nuisance. Worst experience I have had with this office."
"CS-2026-0155","2026-03-16 10:01:44",41,"Female","La Digue","The officer was abrupt, unfriendly and clearly wanted me gone as fast as possible. Very rude."
"CS-2026-0156","2026-03-16 15:12:06",45,"Female","Les Mamelles","The counter closed early without any notice while dozens of us were still waiting. Very poor service."
"CS-2026-0157","2026-03-16 08:36:01",18,"Male","Bel Ombre","I called ten times and each time I was put on hold and then disconnected. Utterly frustrating."
"CS-2026-0158","2026-03-16 11:54:31",43,"Female","Mont Fleuri","The officer was unhelpful and made me feel like a nuisance. Worst experience I have had with this office."
"CS-2026-0159","2026-03-16 10:16:33",51,"Female","La Riviere Anglaise","I was treated with contempt when I asked for clarification. Appalling attitude from the front desk."
"CS-2026-0160","2026-03-16 12:39:39",38,"Female","Plaisance","I was treated with contempt when I asked for clarification. Appalling attitude from the front desk."
"CS-2026-0161","2026-03-17 14:28:27",34,"Male","Port Glaud","Thank you for the prompt and helpful assistance. The officer went out of their way to help me."
"CS-2026-0162","2026-03-18 16:13:06",54,"Female","Takamaka","The online system kept crashing and the help desk simply told me to try again later. Useless."
"CS-2026-0163","2026-03-19 14:25:49",29,"Female","Bel Air","Staff were chatting among themselves and ignored the long line of people waiting. Unprofessional."
"CS-2026-0164","2026-03-19 16:00:26",39,"Female","Baie Lazare","I was shouted at for standing in the wrong spot when there were no signs anywhere. Outrageous."
"CS-2026-0165","2026-03-20 14:05:42",35,"Female","Mont Fleuri","My case has been pending for weeks with no updates. Every follow-up is met with excuses and delays."
"CS-2026-0166","2026-03-20 10:53:19",18,"Male","Bel Ombre","Neutral feedback: I visited to ask a routine question and received a clear, adequate answer."
"CS-2026-0167","2026-03-20 15:23:28",32,"Male","La Riviere Anglaise","The staff were extremely rude and dismissive when I asked a simple question. Very disappointed."
"CS-2026-0168","2026-03-20 15:00:51",18,"Male","Takamaka","I was pleasantly surprised by how efficient and professional the officer was. Very satisfied."
"CS-2026-0169","2026-03-20 13:56:00",49,"Male","Grand Anse Mahe","Impressed by the professionalism and courtesy of the officer who assisted me. Thank you very much."
"CS-2026-0170","2026-03-23 10:55:33",35,"Female","Les Mamelles","Great experience overall. The queue moved smoothly and everyone was courteous and kind."
"CS-2026-0171","2026-03-23 15:32:10",29,"Female","Beau Vallon","The service was smooth and the staff were polite and well organised. I appreciate the good work."
"CS-2026-0172","2026-03-23 09:14:22",39,"Male","Anse aux Pins","I was passed from one desk to another with no clear answer. Completely disorganised and inefficient."
"CS-2026-0173","2026-03-23 08:50:26",43,"Female","Mont Fleuri","The staff gave me incorrect directions and I ended up wasting hours. Careless and unhelpful."
"CS-2026-0174","2026-03-23 09:34:09",38,"Female","Baie Sainte Anne","I felt completely ignored. The staff avoided eye contact and pretended not to see the queue growing."
"CS-2026-0175","2026-03-23 13:09:57",52,"Male","Anse aux Pins","Staff were chatting among themselves and ignored the long line of people waiting. Unprofessional."
"CS-2026-0176","2026-03-23 14:42:55",40,"Female","Baie Sainte Anne","My appointment was cancelled last minute with no explanation and no apology. Terrible customer care."
"CS-2026-0177","2026-03-23 11:16:39",57,"Male","Pointe Larue","I was treated with contempt when I asked for clarification. Appalling attitude from the front desk."
"CS-2026-0178","2026-03-23 09:29:29",30,"Female","Beau Vallon","Every time I visit there is a new excuse for the delay. The inefficiency is beyond frustrating."
"CS-2026-0179","2026-03-24 09:53:14",47,"Female","Les Mamelles","Neutral feedback: I visited to ask a routine question and received a clear, adequate answer."
"CS-2026-0180","2026-03-24 12:47:06",29,"Female","Saint Louis","The toilets were filthy, the air conditioning was broken, and staff did not care. A miserable experience."
"CS-2026-0181","2026-03-25 12:36:22",68,"Female","English River","I was given three different answers by three different officers. Nobody knows what they are doing here."
"CS-2026-0182","2026-03-26 11:10:50",48,"Female","Takamaka","I was treated with contempt when I asked for clarification. Appalling attitude from the front desk."
"CS-2026-0183","2026-03-27 15:08:21",48,"Male","Cascade","I was shouted at for standing in the wrong spot when there were no signs anywhere. Outrageous."
"CS-2026-0184","2026-03-27 12:55:34",43,"Male","Bel Ombre","No one answers the phone and the queue moves at a snail's pace. Frustrating and poorly organised."
"CS-2026-0185","2026-03-30 14:59:39",18,"Male","Bel Ombre","Staff were chatting among themselves and ignored the long line of people waiting. Unprofessional."
"CS-2026-0186","2026-03-30 15:17:33",42,"Female","La Riviere Anglaise","The officer lost patience with an elderly woman and was openly disrespectful. I was appalled."
"CS-2026-0187","2026-03-30 09:24:05",48,"Female","Mont Fleuri","The whole process was needlessly complicated and no one was willing to explain anything."
"CS-2026-0188","2026-03-30 14:13:57",44,"Female","Baie Lazare","Staff were chatting among themselves and ignored the long line of people waiting. Unprofessional."
"CS-2026-0189","2026-03-30 09:26:12",23,"Male","Anse Royale","The officer was unhelpful and made me feel like a nuisance. Worst experience I have had with this office."
"CS-2026-0190","2026-03-30 12:19:54",41,"Female","Grand Anse Praslin","The person serving me was impatient and spoke to me in a condescending, rude manner."
"CS-2026-0191","2026-03-30 11:33:16",52,"Female","Au Cap","Hours of waiting and then they closed the window right in front of me. Disgraceful treatment."
"CS-2026-0192","2026-03-30 10:50:44",26,"Male","Beau Vallon","The parking was a nightmare and inside it was chaos with no proper queue system. Badly managed."
"CS-2026-0193","2026-03-30 09:05:14",24,"Female","Plaisance","The service was smooth and the staff were polite and well organised. I appreciate the good work."
"CS-2026-0194","2026-03-31 09:08:55",29,"Female","Grand Anse Mahe","The person serving me was impatient and spoke to me in a condescending, rude manner."
"CS-2026-0195","2026-03-31 13:45:42",35,"Male","Takamaka","I submitted my forms two months ago and still received no response. This delay is completely unacceptable."
"CS-2026-0196","2026-03-31 16:21:17",36,"Female","Saint Louis","The whole process was needlessly complicated and no one was willing to explain anything."
"CS-2026-0197","2026-04-01 10:48:53",40,"Female","Baie Sainte Anne","Every time I visit there is a new excuse for the delay. The inefficiency is beyond frustrating."
"CS-2026-0198","2026-04-02 08:53:28",24,"Male","Anse Boileau","The parking was a nightmare and inside it was chaos with no proper queue system. Badly managed."
"CS-2026-0199","2026-04-02 14:32:44",38,"Female","Baie Lazare","The staff gave me incorrect directions and I ended up wasting hours. Careless and unhelpful."
"CS-2026-0200","2026-04-02 10:24:24",32,"Male","Anse Etoile","No one answers the phone and the queue moves at a snail's pace. Frustrating and poorly organised."
"CS-2026-0201","2026-04-03 08:19:22",30,"Male","Bel Air","I called ten times and each time I was put on hold and then disconnected. Utterly frustrating."
"CS-2026-0202","2026-04-03 13:34:54",50,"Male","Bel Air","I was given three different answers by three different officers. Nobody knows what they are doing here."
"CS-2026-0203","2026-04-06 09:54:39",46,"Male","English River","The officer lost patience with an elderly woman and was openly disrespectful. I was appalled."
"CS-2026-0204","2026-04-06 09:44:36",59,"Male","Anse aux Pins","The staff were extremely rude and dismissive when I asked a simple question. Very disappointed."
"CS-2026-0205","2026-04-06 08:13:57",18,"Female","Au Cap","The whole process was needlessly complicated and no one was willing to explain anything."
"CS-2026-0206","2026-04-06 14:00:33",35,"Male","Grand Anse Praslin","The information they gave me was wrong and I had to redo everything. Incompetent and careless."
"CS-2026-0207","2026-04-07 08:02:25",55,"Male","Bel Ombre","The information they gave me was wrong and I had to redo everything. Incompetent and careless."
"CS-2026-0208","2026-04-07 13:30:21",40,"Male","Les Mamelles","I took a day off work only to be told the system was down. No apology, no alternative. Infuriating."
"CS-2026-0209","2026-04-07 14:19:08",50,"Female","Grand Anse Praslin","No one answers the phone and the queue moves at a snail's pace. Frustrating and poorly organised."
"CS-2026-0210","2026-04-09 13:27:24",27,"Male","Au Cap","I was treated with contempt when I asked for clarification. Appalling attitude from the front desk."
"CS-2026-0211","2026-04-09 13:19:40",27,"Male","Plaisance","The officer lost patience with an elderly woman and was openly disrespectful. I was appalled."
"CS-2026-0212","2026-04-10 11:08:05",18,"Female","Pointe Larue","Very satisfied with the helpful staff and the fast, well-organised process. Highly appreciated."
"CS-2026-0213","2026-04-10 13:53:59",50,"Male","Cascade","The information they gave me was wrong and I had to redo everything. Incompetent and careless."
"CS-2026-0214","2026-04-10 12:53:04",64,"Male","Baie Lazare","I was given three different answers by three different officers. Nobody knows what they are doing here."
"CS-2026-0215","2026-04-13 14:33:01",60,"Male","Baie Sainte Anne","The staff were extremely rude and dismissive when I asked a simple question. Very disappointed."
"CS-2026-0216","2026-04-13 08:35:13",44,"Female","Bel Ombre","Hours of waiting and then they closed the window right in front of me. Disgraceful treatment."
"CS-2026-0217","2026-04-13 10:52:33",23,"Female","La Riviere Anglaise","I took a day off work only to be told the system was down. No apology, no alternative. Infuriating."
"CS-2026-0218","2026-04-13 15:32:19",35,"Female","Plaisance","I called ten times and each time I was put on hold and then disconnected. Utterly frustrating."
"CS-2026-0219","2026-04-13 12:14:20",36,"Female","Anse aux Pins","I was given three different answers by three different officers. Nobody knows what they are doing here."
"CS-2026-0220","2026-04-14 11:19:26",60,"Male","Bel Air","I was overcharged and when I complained they refused to explain the fees. Dishonest and unhelpful."
"CS-2026-0221","2026-04-15 15:40:35",21,"Male","Takamaka","The service was slow, the staff were unfriendly, and my problem is still unresolved. Deeply disappointed."
"CS-2026-0222","2026-04-15 14:49:44",38,"Female","Bel Air","The receptionist was dismissive and rolled her eyes at my questions. Extremely unprofessional."
"CS-2026-0223","2026-04-15 11:52:52",43,"Male","Cascade","I was passed from one desk to another with no clear answer. Completely disorganised and inefficient."
"CS-2026-0224","2026-04-16 16:26:00",43,"Female","Roche Caiman","I was passed from one desk to another with no clear answer. Completely disorganised and inefficient."
"CS-2026-0225","2026-04-16 13:05:23",42,"Female","Roche Caiman","I was overcharged and when I complained they refused to explain the fees. Dishonest and unhelpful."
"CS-2026-0226","2026-04-16 16:18:10",36,"Female","Bel Ombre","Thank you for the prompt and helpful assistance. The officer went out of their way to help me."
"CS-2026-0227","2026-04-17 10:04:41",18,"Male","Pointe Larue","There was no clear signage and no one to guide us. I wasted an entire morning going in circles."
"CS-2026-0228","2026-04-17 09:03:34",46,"Male","Les Mamelles","The staff were extremely rude and dismissive when I asked a simple question. Very disappointed."
"CS-2026-0229","2026-04-17 08:57:25",60,"Female","Beau Vallon","The waiting area was overcrowded and the staff kept disappearing on long breaks. Shameful."
"CS-2026-0230","2026-04-20 14:51:17",23,"Male","Bel Air","The officer lost patience with an elderly woman and was openly disrespectful. I was appalled."
"CS-2026-0231","2026-04-20 08:38:26",20,"Female","English River","I took a day off work only to be told the system was down. No apology, no alternative. Infuriating."
"CS-2026-0232","2026-04-20 10:34:24",44,"Male","Cascade","The officer was abrupt, unfriendly and clearly wanted me gone as fast as possible. Very rude."
"CS-2026-0233","2026-04-20 11:19:14",32,"Female","Cascade","I have come back four times now and my request is still not processed. This is a terrible waste of my time."
"CS-2026-0234","2026-04-20 08:03:34",29,"Female","Anse Royale","I submitted my forms two months ago and still received no response. This delay is completely unacceptable."
"CS-2026-0235","2026-04-20 15:41:17",19,"Male","Beau Vallon","The parking was a nightmare and inside it was chaos with no proper queue system. Badly managed."
"CS-2026-0236","2026-04-20 10:06:11",44,"Male","Anse Etoile","Nobody follows up on anything. My matter has been stuck for ages with zero communication."
"CS-2026-0237","2026-04-20 13:05:20",23,"Female","La Digue","The service was slow, the staff were unfriendly, and my problem is still unresolved. Deeply disappointed."
"CS-2026-0238","2026-04-20 13:21:32",48,"Female","Anse Etoile","The staff gave me incorrect directions and I ended up wasting hours. Careless and unhelpful."
"CS-2026-0239","2026-04-20 08:29:16",61,"Female","Roche Caiman","I called ten times and each time I was put on hold and then disconnected. Utterly frustrating."
"CS-2026-0240","2026-04-20 08:30:46",40,"Male","Bel Ombre","I was treated with contempt when I asked for clarification. Appalling attitude from the front desk."
"CS-2026-0241","2026-04-20 14:02:05",46,"Female","Anse Royale","I was given three different answers by three different officers. Nobody knows what they are doing here."
"CS-2026-0242","2026-04-21 11:41:25",79,"Female","Anse Royale","The service was painfully slow and the staff seemed completely uninterested in helping anyone."
"CS-2026-0243","2026-04-23 15:56:07",18,"Male","Anse Etoile","Thank you for the prompt and helpful assistance. The officer went out of their way to help me."
"CS-2026-0244","2026-04-23 11:58:55",68,"Female","Roche Caiman","I was shouted at for standing in the wrong spot when there were no signs anywhere. Outrageous."
"CS-2026-0245","2026-04-23 08:22:43",72,"Female","La Riviere Anglaise","I have come back four times now and my request is still not processed. This is a terrible waste of my time."
"CS-2026-0246","2026-04-23 10:41:02",45,"Female","Grand Anse Mahe","Impressed by the professionalism and courtesy of the officer who assisted me. Thank you very much."
"CS-2026-0247","2026-04-24 09:53:53",18,"Male","Roche Caiman","I felt completely ignored. The staff avoided eye contact and pretended not to see the queue growing."
"CS-2026-0248","2026-04-27 12:16:21",38,"Female","Grand Anse Mahe","I was passed from one desk to another with no clear answer. Completely disorganised and inefficient."
"CS-2026-0249","2026-04-27 11:27:15",54,"Male","Anse Royale","The counter closed early without any notice while dozens of us were still waiting. Very poor service."
"CS-2026-0250","2026-04-27 16:18:05",40,"Male","Anse aux Pins","The waiting area was overcrowded and the staff kept disappearing on long breaks. Shameful."
"CS-2026-0251","2026-04-27 12:08:45",21,"Male","Pointe Larue","I have come back four times now and my request is still not processed. This is a terrible waste of my time."
"CS-2026-0252","2026-04-27 08:54:57",59,"Female","Saint Louis","Hours of waiting and then they closed the window right in front of me. Disgraceful treatment."
"CS-2026-0253","2026-04-27 11:49:45",52,"Female","English River","The service was painfully slow and the staff seemed completely uninterested in helping anyone."
"CS-2026-0254","2026-04-27 08:41:23",54,"Female","Anse Etoile","The receptionist was dismissive and rolled her eyes at my questions. Extremely unprofessional."
"CS-2026-0255","2026-04-27 14:00:52",50,"Male","La Riviere Anglaise","I submitted my forms two months ago and still received no response. This delay is completely unacceptable."
"CS-2026-0256","2026-04-27 08:08:01",56,"Female","Cascade","The officer was abrupt, unfriendly and clearly wanted me gone as fast as possible. Very rude."
"CS-2026-0257","2026-04-27 16:22:11",42,"Male","Pointe Larue","The whole process was needlessly complicated and no one was willing to explain anything."
"CS-2026-0258","2026-04-28 16:00:27",47,"Male","Bel Ombre","The service was slow, the staff were unfriendly, and my problem is still unresolved. Deeply disappointed."
"CS-2026-0259","2026-04-28 11:59:08",46,"Female","Cascade","They lost my paperwork and blamed me for it. Disgraceful handling of a citizen's documents."
"CS-2026-0260","2026-04-29 09:03:30",46,"Male","La Digue","There was no clear signage and no one to guide us. I wasted an entire morning going in circles."
"CS-2026-0261","2026-04-29 08:43:00",38,"Male","Anse aux Pins","They kept losing track of my file and asked me to resubmit the same documents three times. Hopeless."
"CS-2026-0262","2026-04-29 11:30:23",70,"Male","Beau Vallon","Everything was handled efficiently and kindly. A genuinely positive and pleasant experience."
"CS-2026-0263","2026-04-29 09:03:04",74,"Female","Pointe Larue","I was given three different answers by three different officers. Nobody knows what they are doing here."
"CS-2026-0264","2026-04-29 13:12:59",47,"Female","Roche Caiman","I was given three different answers by three different officers. Nobody knows what they are doing here."
"CS-2026-0265","2026-04-30 15:34:45",84,"Male","Beau Vallon","Wonderful service today. Quick, friendly and professional. Thank you to the whole team."
"CS-2026-0266","2026-04-30 14:54:14",39,"Female","Mont Fleuri","I called ten times and each time I was put on hold and then disconnected. Utterly frustrating."
"CS-2026-0267","2026-04-30 09:09:42",45,"Male","La Riviere Anglaise","The staff gave me incorrect directions and I ended up wasting hours. Careless and unhelpful."
"CS-2026-0268","2026-04-30 10:02:33",34,"Male","Saint Louis","My case has been pending for weeks with no updates. Every follow-up is met with excuses and delays."
"CS-2026-0269","2026-05-01 16:16:27",32,"Male","Grand Anse Mahe","My complaint from last month was never even acknowledged. This office does not care about the public."
"CS-2026-0270","2026-05-04 08:43:37",28,"Male","Pointe Larue","They kept losing track of my file and asked me to resubmit the same documents three times. Hopeless."
"CS-2026-0271","2026-05-04 16:15:47",28,"Female","Les Mamelles","The person serving me was impatient and spoke to me in a condescending, rude manner."
"CS-2026-0272","2026-05-04 12:15:22",18,"Female","Grand Anse Praslin","My complaint from last month was never even acknowledged. This office does not care about the public."
"CS-2026-0273","2026-05-04 09:46:51",32,"Male","Grand Anse Praslin","I was shouted at for standing in the wrong spot when there were no signs anywhere. Outrageous."
"CS-2026-0274","2026-05-04 13:28:17",63,"Female","Grand Anse Mahe","No one answers the phone and the queue moves at a snail's pace. Frustrating and poorly organised."
"CS-2026-0275","2026-05-04 10:26:26",35,"Male","Beau Vallon","The counter closed early without any notice while dozens of us were still waiting. Very poor service."
"CS-2026-0276","2026-05-04 12:02:53",43,"Male","Glacis","I was shouted at for standing in the wrong spot when there were no signs anywhere. Outrageous."
"CS-2026-0277","2026-05-04 14:20:24",46,"Male","La Riviere Anglaise","I am writing simply to confirm that my appointment was completed. Everything went as expected."
"CS-2026-0278","2026-05-05 13:00:11",37,"Female","Plaisance","Great experience overall. The queue moved smoothly and everyone was courteous and kind."
"CS-2026-0279","2026-05-05 09:35:49",53,"Male","Roche Caiman","I was overcharged and when I complained they refused to explain the fees. Dishonest and unhelpful."
"CS-2026-0280","2026-05-05 15:52:27",55,"Male","English River","The officer was unhelpful and made me feel like a nuisance. Worst experience I have had with this office."
"CS-2026-0281","2026-05-05 14:47:53",30,"Female","Beau Vallon","The officer was unhelpful and made me feel like a nuisance. Worst experience I have had with this office."
"CS-2026-0282","2026-05-05 11:48:38",26,"Female","Mont Fleuri","I was overcharged and when I complained they refused to explain the fees. Dishonest and unhelpful."
"CS-2026-0283","2026-05-06 15:47:37",22,"Male","Bel Air","The officer was patient and clearly explained everything. A pleasant and efficient experience."
"CS-2026-0284","2026-05-06 11:47:15",40,"Male","Bel Ombre","They kept losing track of my file and asked me to resubmit the same documents three times. Hopeless."
"CS-2026-0285","2026-05-07 15:52:38",44,"Female","Beau Vallon","The parking was a nightmare and inside it was chaos with no proper queue system. Badly managed."
"CS-2026-0286","2026-05-07 11:06:42",31,"Male","La Riviere Anglaise","The person serving me was impatient and spoke to me in a condescending, rude manner."
"CS-2026-0287","2026-05-07 12:59:11",18,"Male","Saint Louis","The person serving me was impatient and spoke to me in a condescending, rude manner."
"CS-2026-0288","2026-05-07 13:09:41",48,"Female","Grand Anse Praslin","I was given three different answers by three different officers. Nobody knows what they are doing here."
"CS-2026-0289","2026-05-08 08:01:53",45,"Male","La Riviere Anglaise","I waited over three hours at the counter and no one bothered to help me. Absolutely unacceptable service."
"CS-2026-0290","2026-05-08 08:04:08",42,"Female","Glacis","They lost my paperwork and blamed me for it. Disgraceful handling of a citizen's documents."
"CS-2026-0291","2026-05-11 16:00:27",39,"Female","Anse aux Pins","No one answers the phone and the queue moves at a snail's pace. Frustrating and poorly organised."
"CS-2026-0292","2026-05-11 14:46:43",65,"Male","Baie Lazare","I took a day off work only to be told the system was down. No apology, no alternative. Infuriating."
"CS-2026-0293","2026-05-11 15:03:50",59,"Female","Pointe Larue","The receptionist was dismissive and rolled her eyes at my questions. Extremely unprofessional."
"CS-2026-0294","2026-05-11 12:41:45",51,"Male","Anse Etoile","The officer lost patience with an elderly woman and was openly disrespectful. I was appalled."
"CS-2026-0295","2026-05-11 14:02:27",67,"Female","English River","The information they gave me was wrong and I had to redo everything. Incompetent and careless."
"CS-2026-0296","2026-05-11 11:53:26",36,"Female","Mont Buxton","The staff were extremely rude and dismissive when I asked a simple question. Very disappointed."
"CS-2026-0297","2026-05-11 13:48:08",41,"Female","Port Glaud","Everything was handled efficiently and kindly. A genuinely positive and pleasant experience."
"CS-2026-0298","2026-05-11 13:56:49",35,"Male","Plaisance","No one answers the phone and the queue moves at a snail's pace. Frustrating and poorly organised."
"CS-2026-0299","2026-05-11 14:12:51",27,"Female","Anse aux Pins","The whole process was needlessly complicated and no one was willing to explain anything."
"CS-2026-0300","2026-05-11 12:32:14",18,"Male","Grand Anse Praslin","Nobody follows up on anything. My matter has been stuck for ages with zero communication."
"CS-2026-0301","2026-05-12 15:40:45",19,"Female","Anse aux Pins","I was overcharged and when I complained they refused to explain the fees. Dishonest and unhelpful."
"CS-2026-0302","2026-05-12 11:38:08",48,"Female","Anse aux Pins","They demanded documents that were never mentioned before, forcing me to come back yet again. Ridiculous."
"CS-2026-0303","2026-05-13 12:16:17",32,"Male","Plaisance","The service was painfully slow and the staff seemed completely uninterested in helping anyone."
"CS-2026-0304","2026-05-13 11:48:52",29,"Female","Saint Louis","I waited over three hours at the counter and no one bothered to help me. Absolutely unacceptable service."
"CS-2026-0305","2026-05-14 11:30:36",52,"Male","Anse Etoile","They kept losing track of my file and asked me to resubmit the same documents three times. Hopeless."
"CS-2026-0306","2026-05-15 13:40:44",56,"Female","English River","I am writing simply to confirm that my appointment was completed. Everything went as expected."
"CS-2026-0307","2026-05-15 13:41:07",67,"Male","Bel Ombre","I was passed from one desk to another with no clear answer. Completely disorganised and inefficient."
"CS-2026-0308","2026-05-15 12:37:04",43,"Female","Grand Anse Praslin","The toilets were filthy, the air conditioning was broken, and staff did not care. A miserable experience."
"CS-2026-0309","2026-05-15 15:44:02",47,"Female","La Digue","The toilets were filthy, the air conditioning was broken, and staff did not care. A miserable experience."
"CS-2026-0310","2026-05-18 08:29:06",65,"Male","Bel Air","The front desk was welcoming and my paperwork was processed without any delay. Excellent job."
"CS-2026-0311","2026-05-18 15:49:32",36,"Female","Mont Fleuri","My appointment was cancelled last minute with no explanation and no apology. Terrible customer care."
"CS-2026-0312","2026-05-18 14:43:26",59,"Male","Anse Royale","The person serving me was impatient and spoke to me in a condescending, rude manner."
"CS-2026-0313","2026-05-18 10:18:26",51,"Female","English River","I waited over three hours at the counter and no one bothered to help me. Absolutely unacceptable service."
"CS-2026-0314","2026-05-18 14:28:20",23,"Female","Mont Buxton","The waiting area was overcrowded and the staff kept disappearing on long breaks. Shameful."
"CS-2026-0315","2026-05-19 10:01:03",40,"Male","Mont Fleuri","They demanded documents that were never mentioned before, forcing me to come back yet again. Ridiculous."
"CS-2026-0316","2026-05-19 14:16:20",51,"Female","Takamaka","The online system kept crashing and the help desk simply told me to try again later. Useless."
"CS-2026-0317","2026-05-19 11:23:04",33,"Female","Les Mamelles","I have come back four times now and my request is still not processed. This is a terrible waste of my time."
"CS-2026-0318","2026-05-21 12:28:44",69,"Female","Saint Louis","I was overcharged and when I complained they refused to explain the fees. Dishonest and unhelpful."
"CS-2026-0319","2026-05-22 16:04:56",26,"Male","Pointe Larue","The staff gave me incorrect directions and I ended up wasting hours. Careless and unhelpful."
"CS-2026-0320","2026-05-22 14:10:32",29,"Female","Mont Buxton","The toilets were filthy, the air conditioning was broken, and staff did not care. A miserable experience."
"CS-2026-0321","2026-05-22 16:16:25",49,"Female","Mont Fleuri","The information they gave me was wrong and I had to redo everything. Incompetent and careless."
"CS-2026-0322","2026-05-22 12:15:47",41,"Male","Grand Anse Praslin","Everything was handled efficiently and kindly. A genuinely positive and pleasant experience."
"CS-2026-0323","2026-05-22 11:51:13",39,"Male","La Riviere Anglaise","Hours of waiting and then they closed the window right in front of me. Disgraceful treatment."
"CS-2026-0324","2026-05-25 11:28:45",23,"Male","Grand Anse Praslin","I submitted my forms two months ago and still received no response. This delay is completely unacceptable."
"CS-2026-0325","2026-05-25 12:35:45",31,"Female","Glacis","The staff were friendly and helpful, and my request was handled quickly. Excellent service, thank you!"
"CS-2026-0326","2026-05-25 12:38:25",42,"Female","Bel Ombre","The parking was a nightmare and inside it was chaos with no proper queue system. Badly managed."
"CS-2026-0327","2026-05-25 12:28:43",46,"Male","English River","There was no clear signage and no one to guide us. I wasted an entire morning going in circles."
"CS-2026-0328","2026-05-25 14:22:11",37,"Male","Anse Boileau","My complaint from last month was never even acknowledged. This office does not care about the public."
"CS-2026-0329","2026-05-25 10:02:59",46,"Female","Roche Caiman","The officer lost patience with an elderly woman and was openly disrespectful. I was appalled."
"CS-2026-0330","2026-05-25 10:57:53",41,"Female","Baie Sainte Anne","My case has been pending for weeks with no updates. Every follow-up is met with excuses and delays."
"CS-2026-0331","2026-05-25 14:43:04",60,"Female","Plaisance","The parking was a nightmare and inside it was chaos with no proper queue system. Badly managed."
"CS-2026-0332","2026-05-25 12:30:24",52,"Male","English River","No one answers the phone and the queue moves at a snail's pace. Frustrating and poorly organised."
"CS-2026-0333","2026-05-26 08:20:48",43,"Female","Anse Royale","I was passed from one desk to another with no clear answer. Completely disorganised and inefficient."
"CS-2026-0334","2026-05-27 14:39:07",49,"Female","Anse Boileau","I was pleasantly surprised by how efficient and professional the officer was. Very satisfied."
"CS-2026-0335","2026-05-27 16:20:59",51,"Female","Pointe Larue","My case has been pending for weeks with no updates. Every follow-up is met with excuses and delays."
"CS-2026-0336","2026-05-28 13:18:54",23,"Male","Roche Caiman","The staff were friendly and helpful, and my request was handled quickly. Excellent service, thank you!"
"CS-2026-0337","2026-05-29 09:03:30",36,"Female","Pointe Larue","The officer was unhelpful and made me feel like a nuisance. Worst experience I have had with this office."
"CS-2026-0338","2026-05-29 09:30:45",33,"Female","Takamaka","My complaint from last month was never even acknowledged. This office does not care about the public."
"CS-2026-0339","2026-05-29 13:28:44",43,"Female","Mont Buxton","There was no clear signage and no one to guide us. I wasted an entire morning going in circles."
"CS-2026-0340","2026-05-29 13:06:31",51,"Male","Anse aux Pins","I have come back four times now and my request is still not processed. This is a terrible waste of my time."
"CS-2026-0341","2026-05-29 10:37:57",43,"Male","Takamaka","I felt completely ignored. The staff avoided eye contact and pretended not to see the queue growing."
"CS-2026-0342","2026-05-29 10:03:56",60,"Female","La Riviere Anglaise","The waiting area was overcrowded and the staff kept disappearing on long breaks. Shameful."
"CS-2026-0343","2026-05-29 10:13:19",46,"Female","Les Mamelles","I was shouted at for standing in the wrong spot when there were no signs anywhere. Outrageous."
"CS-2026-0344","2026-06-01 13:51:48",18,"Male","Cascade","My case has been pending for weeks with no updates. Every follow-up is met with excuses and delays."
"CS-2026-0345","2026-06-01 13:23:37",36,"Female","Baie Lazare","There was no clear signage and no one to guide us. I wasted an entire morning going in circles."
"CS-2026-0346","2026-06-01 09:45:04",43,"Female","Takamaka","There was no clear signage and no one to guide us. I wasted an entire morning going in circles."
"CS-2026-0347","2026-06-01 14:47:53",47,"Male","Anse Royale","I have come back four times now and my request is still not processed. This is a terrible waste of my time."
"CS-2026-0348","2026-06-01 13:28:59",63,"Female","Plaisance","My case has been pending for weeks with no updates. Every follow-up is met with excuses and delays."
"CS-2026-0349","2026-06-01 15:02:44",50,"Female","Anse aux Pins","My case has been pending for weeks with no updates. Every follow-up is met with excuses and delays."
"CS-2026-0350","2026-06-01 08:51:47",56,"Female","Bel Air","The officer was abrupt, unfriendly and clearly wanted me gone as fast as possible. Very rude."
"CS-2026-0351","2026-06-01 12:18:34",41,"Male","Au Cap","I waited over three hours at the counter and no one bothered to help me. Absolutely unacceptable service."
"CS-2026-0352","2026-06-01 14:47:03",57,"Female","La Digue","The waiting area was overcrowded and the staff kept disappearing on long breaks. Shameful."
"CS-2026-0353","2026-06-01 12:19:27",36,"Female","La Riviere Anglaise","Every time I visit there is a new excuse for the delay. The inefficiency is beyond frustrating."
"CS-2026-0354","2026-06-01 12:18:48",40,"Female","La Digue","I was treated with contempt when I asked for clarification. Appalling attitude from the front desk."
"CS-2026-0355","2026-06-01 08:03:48",28,"Male","Cascade","After queueing for two hours I was told I was in the wrong line. Nobody bothered to inform us earlier."
"CS-2026-0356","2026-06-02 13:29:48",56,"Female","Anse aux Pins","I was treated with contempt when I asked for clarification. Appalling attitude from the front desk."
"CS-2026-0357","2026-06-02 13:26:30",44,"Female","Glacis","My case has been pending for weeks with no updates. Every follow-up is met with excuses and delays."
"CS-2026-0358","2026-06-02 08:50:01",42,"Male","English River","After queueing for two hours I was told I was in the wrong line. Nobody bothered to inform us earlier."
"CS-2026-0359","2026-06-02 09:36:19",27,"Female","Port Glaud","The information they gave me was wrong and I had to redo everything. Incompetent and careless."
"CS-2026-0360","2026-06-02 13:37:00",40,"Male","Port Glaud","I was shouted at for standing in the wrong spot when there were no signs anywhere. Outrageous."
"CS-2026-0361","2026-06-04 08:49:03",45,"Female","Mont Fleuri","Staff were chatting among themselves and ignored the long line of people waiting. Unprofessional."
"CS-2026-0362","2026-06-04 13:14:30",40,"Female","Baie Sainte Anne","The officer was unhelpful and made me feel like a nuisance. Worst experience I have had with this office."
"CS-2026-0363","2026-06-04 11:34:02",39,"Male","Anse Etoile","Nobody follows up on anything. My matter has been stuck for ages with zero communication."
"CS-2026-0364","2026-06-04 13:11:44",33,"Female","English River","No one answers the phone and the queue moves at a snail's pace. Frustrating and poorly organised."
"CS-2026-0365","2026-06-04 12:26:50",30,"Female","Roche Caiman","The officer lost patience with an elderly woman and was openly disrespectful. I was appalled."
"CS-2026-0366","2026-06-04 15:13:35",35,"Female","Bel Ombre","The online system kept crashing and the help desk simply told me to try again later. Useless."
"CS-2026-0367","2026-06-05 12:56:28",35,"Male","Bel Air","I took a day off work only to be told the system was down. No apology, no alternative. Infuriating."
"CS-2026-0368","2026-06-05 08:34:55",39,"Female","Takamaka","Staff were chatting among themselves and ignored the long line of people waiting. Unprofessional."
"CS-2026-0369","2026-06-08 11:05:59",34,"Male","Saint Louis","I have come back four times now and my request is still not processed. This is a terrible waste of my time."
"CS-2026-0370","2026-06-08 10:47:48",24,"Male","Mont Buxton","The whole process was needlessly complicated and no one was willing to explain anything."
"CS-2026-0371","2026-06-08 15:39:18",25,"Male","Anse Etoile","I was shouted at for standing in the wrong spot when there were no signs anywhere. Outrageous."
"CS-2026-0372","2026-06-08 12:50:41",27,"Male","Anse Royale","The information they gave me was wrong and I had to redo everything. Incompetent and careless."
"CS-2026-0373","2026-06-08 13:56:42",63,"Male","Grand Anse Praslin","The officer was unhelpful and made me feel like a nuisance. Worst experience I have had with this office."
"CS-2026-0374","2026-06-08 13:27:52",53,"Male","Mont Fleuri","They demanded documents that were never mentioned before, forcing me to come back yet again. Ridiculous."
"CS-2026-0375","2026-06-08 08:49:08",55,"Male","Anse Etoile","I waited over three hours at the counter and no one bothered to help me. Absolutely unacceptable service."
"CS-2026-0376","2026-06-08 12:01:16",18,"Female","Saint Louis","The counter closed early without any notice while dozens of us were still waiting. Very poor service."
"CS-2026-0377","2026-06-08 14:13:53",33,"Female","Takamaka","The officer was patient and clearly explained everything. A pleasant and efficient experience."
"CS-2026-0378","2026-06-08 11:32:10",34,"Female","Anse Etoile","I submitted my forms two months ago and still received no response. This delay is completely unacceptable."
"CS-2026-0379","2026-06-08 13:01:04",35,"Female","Anse Royale","After queueing for two hours I was told I was in the wrong line. Nobody bothered to inform us earlier."
"CS-2026-0380","2026-06-08 15:46:05",52,"Female","English River","I submitted my forms two months ago and still received no response. This delay is completely unacceptable."
"CS-2026-0381","2026-06-09 08:59:55",31,"Female","Baie Lazare","They demanded documents that were never mentioned before, forcing me to come back yet again. Ridiculous."
"CS-2026-0382","2026-06-09 10:06:49",39,"Male","Roche Caiman","They kept losing track of my file and asked me to resubmit the same documents three times. Hopeless."
"CS-2026-0383","2026-06-09 15:36:03",50,"Female","La Riviere Anglaise","My appointment was cancelled last minute with no explanation and no apology. Terrible customer care."
"CS-2026-0384","2026-06-09 08:15:19",18,"Male","Grand Anse Praslin","My appointment was cancelled last minute with no explanation and no apology. Terrible customer care."
"CS-2026-0385","2026-06-09 16:29:33",25,"Female","Les Mamelles","My case has been pending for weeks with no updates. Every follow-up is met with excuses and delays."
"CS-2026-0386","2026-06-09 08:05:18",32,"Female","La Digue","I have come back four times now and my request is still not processed. This is a terrible waste of my time."
"CS-2026-0387","2026-06-09 12:43:39",53,"Male","Les Mamelles","I waited over three hours at the counter and no one bothered to help me. Absolutely unacceptable service."
"CS-2026-0388","2026-06-10 13:51:53",29,"Female","Pointe Larue","They kept losing track of my file and asked me to resubmit the same documents three times. Hopeless."
"CS-2026-0389","2026-06-10 13:40:31",47,"Female","Takamaka","The receptionist was dismissive and rolled her eyes at my questions. Extremely unprofessional."
"CS-2026-0390","2026-06-10 08:41:47",47,"Male","Takamaka","They lost my paperwork and blamed me for it. Disgraceful handling of a citizen's documents."
"CS-2026-0391","2026-06-11 10:36:21",21,"Female","Baie Lazare","The staff were extremely rude and dismissive when I asked a simple question. Very disappointed."
"CS-2026-0392","2026-06-11 10:16:19",51,"Female","Saint Louis","They demanded documents that were never mentioned before, forcing me to come back yet again. Ridiculous."
"CS-2026-0393","2026-06-11 14:29:04",23,"Male","Takamaka","The waiting area was overcrowded and the staff kept disappearing on long breaks. Shameful."
"CS-2026-0394","2026-06-12 15:10:40",28,"Male","Port Glaud","Hours of waiting and then they closed the window right in front of me. Disgraceful treatment."
"CS-2026-0395","2026-06-12 08:58:00",29,"Male","Baie Lazare","I was given three different answers by three different officers. Nobody knows what they are doing here."
"CS-2026-0396","2026-06-15 09:59:09",36,"Female","Baie Lazare","I am writing simply to confirm that my appointment was completed. Everything went as expected."
"CS-2026-0397","2026-06-15 08:00:31",43,"Female","Anse Etoile","Wonderful service today. Quick, friendly and professional. Thank you to the whole team."
"CS-2026-0398","2026-06-16 13:37:31",33,"Female","Anse Etoile","The staff were friendly and helpful, and my request was handled quickly. Excellent service, thank you!"
"CS-2026-0399","2026-06-16 08:18:36",30,"Male","Anse aux Pins","I was treated with contempt when I asked for clarification. Appalling attitude from the front desk."
"CS-2026-0400","2026-06-16 15:37:15",34,"Male","Glacis","The service was smooth and the staff were polite and well organised. I appreciate the good work."
"CS-2026-0401","2026-06-16 09:10:16",28,"Male","Anse Royale","There was no clear signage and no one to guide us. I wasted an entire morning going in circles."
"CS-2026-0402","2026-06-16 11:38:34",49,"Male","Au Cap","I was passed from one desk to another with no clear answer. Completely disorganised and inefficient."
"CS-2026-0403","2026-06-16 11:43:34",66,"Male","Anse Etoile","I just wanted to note the time and location of my visit for my own records. No issue to report."
"CS-2026-0404","2026-06-17 12:00:12",35,"Female","Mont Fleuri","The person serving me was impatient and spoke to me in a condescending, rude manner."
"CS-2026-0405","2026-06-17 15:25:10",50,"Female","Anse Etoile","I was overcharged and when I complained they refused to explain the fees. Dishonest and unhelpful."
"CS-2026-0406","2026-06-17 16:14:30",44,"Female","Takamaka","The front desk was welcoming and my paperwork was processed without any delay. Excellent job."
"CS-2026-0407","2026-06-17 12:04:22",50,"Female","Beau Vallon","Wonderful service today. Quick, friendly and professional. Thank you to the whole team."
"CS-2026-0408","2026-06-18 12:09:01",55,"Male","Anse Etoile","Nobody follows up on anything. My matter has been stuck for ages with zero communication."
"CS-2026-0409","2026-06-19 11:41:04",48,"Female","Port Glaud","I have come back four times now and my request is still not processed. This is a terrible waste of my time."
"CS-2026-0410","2026-06-19 11:26:21",21,"Male","Cascade","There was no clear signage and no one to guide us. I wasted an entire morning going in circles."
"CS-2026-0411","2026-06-19 09:09:40",54,"Female","Glacis","I was given three different answers by three different officers. Nobody knows what they are doing here."
"CS-2026-0412","2026-06-19 16:29:01",29,"Male","Baie Sainte Anne","I am writing simply to confirm that my appointment was completed. Everything went as expected."
"CS-2026-0413","2026-06-19 09:11:38",37,"Male","English River","Every time I visit there is a new excuse for the delay. The inefficiency is beyond frustrating."
"CS-2026-0414","2026-06-22 13:22:40",25,"Male","Bel Air","I was shouted at for standing in the wrong spot when there were no signs anywhere. Outrageous."
"CS-2026-0415","2026-06-22 10:13:48",43,"Male","Anse aux Pins","I was passed from one desk to another with no clear answer. Completely disorganised and inefficient."
"CS-2026-0416","2026-06-22 08:15:48",52,"Male","English River","I submitted my forms two months ago and still received no response. This delay is completely unacceptable."
"CS-2026-0417","2026-06-22 09:02:02",42,"Female","Anse aux Pins","The toilets were filthy, the air conditioning was broken, and staff did not care. A miserable experience."
"CS-2026-0418","2026-06-22 16:19:42",50,"Male","Mont Buxton","After queueing for two hours I was told I was in the wrong line. Nobody bothered to inform us earlier."
"CS-2026-0419","2026-06-22 12:55:11",23,"Female","Bel Air","The officer was abrupt, unfriendly and clearly wanted me gone as fast as possible. Very rude."
"CS-2026-0420","2026-06-22 12:43:28",49,"Male","Takamaka","Nobody follows up on anything. My matter has been stuck for ages with zero communication."
"CS-2026-0421","2026-06-22 15:52:49",29,"Male","Glacis","The officer was abrupt, unfriendly and clearly wanted me gone as fast as possible. Very rude."
"CS-2026-0422","2026-06-22 13:33:54",38,"Male","Grand Anse Mahe","Hours of waiting and then they closed the window right in front of me. Disgraceful treatment."
"CS-2026-0423","2026-06-22 14:34:28",63,"Female","Mont Buxton","I submitted my forms two months ago and still received no response. This delay is completely unacceptable."
"CS-2026-0424","2026-06-22 10:14:11",56,"Female","Anse Royale","The staff were extremely rude and dismissive when I asked a simple question. Very disappointed."
"CS-2026-0425","2026-06-22 10:13:05",46,"Male","Grand Anse Mahe","The information they gave me was wrong and I had to redo everything. Incompetent and careless."
"CS-2026-0426","2026-06-22 11:26:35",54,"Female","Port Glaud","They lost my paperwork and blamed me for it. Disgraceful handling of a citizen's documents."
"CS-2026-0427","2026-06-22 10:35:25",54,"Female","Saint Louis","The staff were friendly and helpful, and my request was handled quickly. Excellent service, thank you!"
"CS-2026-0428","2026-06-23 08:44:57",51,"Female","Au Cap","The waiting area was overcrowded and the staff kept disappearing on long breaks. Shameful."
"CS-2026-0429","2026-06-23 10:47:03",47,"Male","English River","My case has been pending for weeks with no updates. Every follow-up is met with excuses and delays."
"CS-2026-0430","2026-06-23 13:55:18",46,"Female","Grand Anse Praslin","The service was slow, the staff were unfriendly, and my problem is still unresolved. Deeply disappointed."
"CS-2026-0431","2026-06-25 09:47:39",37,"Male","Les Mamelles","My appointment was cancelled last minute with no explanation and no apology. Terrible customer care."
"CS-2026-0432","2026-06-25 09:34:59",35,"Male","Baie Lazare","I was passed from one desk to another with no clear answer. Completely disorganised and inefficient."
"CS-2026-0433","2026-06-25 09:03:21",56,"Male","Mont Buxton","I waited over three hours at the counter and no one bothered to help me. Absolutely unacceptable service."
"CS-2026-0434","2026-06-25 14:21:21",62,"Male","Port Glaud","The parking was a nightmare and inside it was chaos with no proper queue system. Badly managed."
"CS-2026-0435","2026-06-25 10:02:23",48,"Male","La Digue","I have come back four times now and my request is still not processed. This is a terrible waste of my time."
"CS-2026-0436","2026-06-26 10:46:01",45,"Male","Au Cap","The online system kept crashing and the help desk simply told me to try again later. Useless."
"CS-2026-0437","2026-06-26 16:09:52",42,"Male","Roche Caiman","The parking was a nightmare and inside it was chaos with no proper queue system. Badly managed."
"CS-2026-0438","2026-06-29 13:26:51",50,"Male","Les Mamelles","The person serving me was impatient and spoke to me in a condescending, rude manner."
"CS-2026-0439","2026-06-29 14:22:25",57,"Male","Anse Etoile","The officer was unhelpful and made me feel like a nuisance. Worst experience I have had with this office."
"CS-2026-0440","2026-06-29 11:04:13",40,"Female","Grand Anse Mahe","Staff were chatting among themselves and ignored the long line of people waiting. Unprofessional."
"CS-2026-0441","2026-06-29 09:33:33",25,"Male","Les Mamelles","There was no clear signage and no one to guide us. I wasted an entire morning going in circles."
"CS-2026-0442","2026-06-29 09:36:46",32,"Female","Mont Fleuri","The toilets were filthy, the air conditioning was broken, and staff did not care. A miserable experience."
"CS-2026-0443","2026-06-29 15:42:45",34,"Male","Mont Buxton","I called ten times and each time I was put on hold and then disconnected. Utterly frustrating."
"CS-2026-0444","2026-06-29 09:12:27",25,"Male","La Digue","They kept losing track of my file and asked me to resubmit the same documents three times. Hopeless."
"CS-2026-0445","2026-06-29 12:06:48",47,"Male","Port Glaud","My complaint from last month was never even acknowledged. This office does not care about the public."
"CS-2026-0446","2026-06-29 10:19:35",42,"Male","Anse aux Pins","The online system kept crashing and the help desk simply told me to try again later. Useless."
"CS-2026-0447","2026-06-29 14:33:48",32,"Female","Au Cap","The staff gave me incorrect directions and I ended up wasting hours. Careless and unhelpful."
"CS-2026-0448","2026-06-29 13:19:02",18,"Male","Baie Lazare","The service was smooth and the staff were polite and well organised. I appreciate the good work."
"CS-2026-0449","2026-06-30 09:34:07",48,"Female","Bel Ombre","I was overcharged and when I complained they refused to explain the fees. Dishonest and unhelpful."
"CS-2026-0450","2026-06-30 10:30:06",31,"Female","Mont Fleuri","Hours of waiting and then they closed the window right in front of me. Disgraceful treatment."
"CS-2026-0451","2026-06-30 12:13:27",48,"Male","Mont Fleuri","Every time I visit there is a new excuse for the delay. The inefficiency is beyond frustrating."
"CS-2026-0452","2026-06-30 12:44:12",35,"Male","Bel Air","The service was slow, the staff were unfriendly, and my problem is still unresolved. Deeply disappointed."
"CS-2026-0453","2026-07-01 15:25:13",56,"Female","Takamaka","The staff gave me incorrect directions and I ended up wasting hours. Careless and unhelpful."
"CS-2026-0454","2026-07-02 11:07:23",30,"Female","Glacis","The officer lost patience with an elderly woman and was openly disrespectful. I was appalled."
"CS-2026-0455","2026-07-03 10:25:20",45,"Female","Anse aux Pins","The whole process was needlessly complicated and no one was willing to explain anything."
"CS-2026-0456","2026-07-03 15:13:32",18,"Male","Anse aux Pins","Every time I visit there is a new excuse for the delay. The inefficiency is beyond frustrating."
"CS-2026-0457","2026-07-03 12:32:06",32,"Female","English River","The receptionist was dismissive and rolled her eyes at my questions. Extremely unprofessional."
"CS-2026-0458","2026-07-06 09:50:09",43,"Male","Baie Sainte Anne","Nobody follows up on anything. My matter has been stuck for ages with zero communication."
"CS-2026-0459","2026-07-06 15:58:33",40,"Female","Anse Boileau","The waiting area was overcrowded and the staff kept disappearing on long breaks. Shameful."
"CS-2026-0460","2026-07-06 10:13:31",69,"Female","Baie Lazare","They demanded documents that were never mentioned before, forcing me to come back yet again. Ridiculous."
"CS-2026-0461","2026-07-06 11:50:23",69,"Male","La Digue","I am writing simply to confirm that my appointment was completed. Everything went as expected."
"CS-2026-0462","2026-07-06 08:06:19",46,"Male","Glacis","The service was painfully slow and the staff seemed completely uninterested in helping anyone."
"CS-2026-0463","2026-07-06 08:16:01",53,"Female","Grand Anse Mahe","The information they gave me was wrong and I had to redo everything. Incompetent and careless."
"CS-2026-0464","2026-07-06 15:29:52",39,"Female","Glacis","Hours of waiting and then they closed the window right in front of me. Disgraceful treatment."
"CS-2026-0465","2026-07-07 12:29:16",44,"Male","Mont Fleuri","They kept losing track of my file and asked me to resubmit the same documents three times. Hopeless."
"CS-2026-0466","2026-07-07 10:59:46",43,"Female","Baie Sainte Anne","They lost my paperwork and blamed me for it. Disgraceful handling of a citizen's documents."
"CS-2026-0467","2026-07-07 13:18:30",35,"Female","Baie Sainte Anne","The waiting area was overcrowded and the staff kept disappearing on long breaks. Shameful."
"CS-2026-0468","2026-07-07 12:04:22",46,"Female","Cascade","The receptionist was dismissive and rolled her eyes at my questions. Extremely unprofessional."
"CS-2026-0469","2026-07-08 08:55:58",26,"Female","Baie Sainte Anne","The officer lost patience with an elderly woman and was openly disrespectful. I was appalled."
"CS-2026-0470","2026-07-08 12:34:44",38,"Male","Anse Royale","There was no clear signage and no one to guide us. I wasted an entire morning going in circles."
"CS-2026-0471","2026-07-09 08:04:57",43,"Male","Anse Boileau","The person serving me was impatient and spoke to me in a condescending, rude manner."
"CS-2026-0472","2026-07-09 10:42:14",46,"Female","Pointe Larue","The officer was abrupt, unfriendly and clearly wanted me gone as fast as possible. Very rude."
"CS-2026-0473","2026-07-09 09:03:05",53,"Male","Anse aux Pins","Every time I visit there is a new excuse for the delay. The inefficiency is beyond frustrating."
"CS-2026-0474","2026-07-09 11:56:52",32,"Male","Bel Ombre","The service was slow, the staff were unfriendly, and my problem is still unresolved. Deeply disappointed."
"CS-2026-0475","2026-07-10 12:04:00",50,"Female","Bel Ombre","I was overcharged and when I complained they refused to explain the fees. Dishonest and unhelpful."
"CS-2026-0476","2026-07-13 13:56:34",41,"Female","Grand Anse Praslin","I waited over three hours at the counter and no one bothered to help me. Absolutely unacceptable service."
"CS-2026-0477","2026-07-13 08:20:06",38,"Male","Au Cap","I was overcharged and when I complained they refused to explain the fees. Dishonest and unhelpful."
"CS-2026-0478","2026-07-13 12:17:09",22,"Female","La Riviere Anglaise","Nobody follows up on anything. My matter has been stuck for ages with zero communication."
"CS-2026-0479","2026-07-13 13:34:24",45,"Male","Anse Royale","No one answers the phone and the queue moves at a snail's pace. Frustrating and poorly organised."
"CS-2026-0480","2026-07-13 16:01:00",59,"Male","Baie Lazare","I waited over three hours at the counter and no one bothered to help me. Absolutely unacceptable service."
"CS-2026-0481","2026-07-13 09:41:04",18,"Female","Mont Fleuri","The staff gave me incorrect directions and I ended up wasting hours. Careless and unhelpful."
"CS-2026-0482","2026-07-14 11:01:26",35,"Male","Plaisance","I took a day off work only to be told the system was down. No apology, no alternative. Infuriating."
"CS-2026-0483","2026-07-14 08:42:01",39,"Male","English River","I was treated with contempt when I asked for clarification. Appalling attitude from the front desk."
"CS-2026-0484","2026-07-14 15:49:20",18,"Female","La Digue","The online system kept crashing and the help desk simply told me to try again later. Useless."
"CS-2026-0485","2026-07-14 15:44:38",61,"Male","Cascade","The information they gave me was wrong and I had to redo everything. Incompetent and careless."
"CS-2026-0486","2026-07-14 12:12:45",47,"Male","Baie Lazare","They lost my paperwork and blamed me for it. Disgraceful handling of a citizen's documents."
"CS-2026-0487","2026-07-15 13:17:49",47,"Female","Mont Buxton","They kept losing track of my file and asked me to resubmit the same documents three times. Hopeless."
"CS-2026-0488","2026-07-16 09:38:48",25,"Male","Baie Lazare","The toilets were filthy, the air conditioning was broken, and staff did not care. A miserable experience."
"CS-2026-0489","2026-07-16 15:02:18",72,"Male","Grand Anse Praslin","The whole process was needlessly complicated and no one was willing to explain anything."
"CS-2026-0490","2026-07-16 08:36:10",50,"Female","Bel Ombre","I waited over three hours at the counter and no one bothered to help me. Absolutely unacceptable service."
"CS-2026-0491","2026-07-16 08:22:00",22,"Female","Bel Air","My case has been pending for weeks with no updates. Every follow-up is met with excuses and delays."
"CS-2026-0492","2026-07-17 16:09:25",34,"Male","Saint Louis","I took a day off work only to be told the system was down. No apology, no alternative. Infuriating."
"CS-2026-0493","2026-07-20 10:02:41",23,"Male","Takamaka","After queueing for two hours I was told I was in the wrong line. Nobody bothered to inform us earlier."
"CS-2026-0494","2026-07-20 11:14:03",46,"Female","Roche Caiman","There was no clear signage and no one to guide us. I wasted an entire morning going in circles."
"CS-2026-0495","2026-07-20 14:17:37",51,"Female","Mont Fleuri","There was no clear signage and no one to guide us. I wasted an entire morning going in circles."
"CS-2026-0496","2026-07-20 16:23:36",27,"Female","Port Glaud","I was treated with contempt when I asked for clarification. Appalling attitude from the front desk."
"CS-2026-0497","2026-07-20 08:24:37",36,"Female","Au Cap","Every time I visit there is a new excuse for the delay. The inefficiency is beyond frustrating."
"CS-2026-0498","2026-07-20 14:26:04",24,"Male","Au Cap","This is a general enquiry about opening hours; the visit itself was fine and uneventful."
"CS-2026-0499","2026-07-20 14:02:03",37,"Female","Bel Air","No one answers the phone and the queue moves at a snail's pace. Frustrating and poorly organised."
"CS-2026-0500","2026-07-21 14:13:59",43,"Male","Anse Royale","The counter closed early without any notice while dozens of us were still waiting. Very poor service."
