"themes","primary_theme","framing","data_information_distinction","confidence","reasoning"
"raw unprocessed","raw unprocessed","substance","distinguishes","medium","The word 'unprocessed' frames data as raw material before treatment."
"collection of information; data is information","collection of information","substance","conflates","high","""A collection of information collected"" emphasises gathering/aggregation while equating data with information."
"collection of information; basis for decisions","basis for decisions","purpose","not addressed","high","The phrase 'enables you to make better decision or leads you to take actions' defines data by its decision-support purpose."
"collection of information; raw unprocessed; facts and figures; data is information","facts and figures","substance","conflates","high","Lists constituent elements 'raw facts, information and figures' defining data by its substance."
"collection of information; facts and figures","collection of information","substance","conflates","medium","The phrase 'Collection of' drives the collection theme, with 'facts/information' naming constituents."
"foundational lifeblood","foundational lifeblood","purpose","not addressed","high","Explicitly calls data the 'lifeblood' and 'prerequisite' underpinning information systems."
"basis for decisions","basis for decisions","purpose","not addressed","high","The phrase 'help to take decision' frames data purely by its decision-support purpose."
"data is information; raw unprocessed","data is information","substance","conflates","high","""Data is information"" equates the two outright, with ""organised or unorganised"" noting a raw/unprocessed state."
"data is information; collection of information","data is information","substance","conflates","medium","Opens with 'Data is information' equating the two, with 'from various sources' adding a collection notion."
"data is information; basis for decisions; lifecycle activities","data is information","multiple","conflates","medium","Opens by equating data with 'information' outright, then adds decision-guiding purpose and activities."
"collection of information; facts and figures; raw unprocessed; processed into meaning; basis for decisions; lifecycle activities","facts and figures","multiple","distinguishes","high","The definition enumerates constituent elements ('facts, numbers, words, observations') as its core substance while also describing transformation and purpose."
"raw unprocessed; facts and figures; collection of information; processed into meaning; basis for decisions; foundational lifeblood","processed into meaning","multiple","distinguishes","high","Says raw facts 'may not have much meaning' until 'organized, processed, and analyzed, it becomes meaningful information'."
"lifecycle activities; collection of information; basis for decisions","lifecycle activities","process","not addressed","high","Enumerates process steps 'Collection, analysis and storage... for reporting' defining data by activities performed on it."
"facts and figures; collection of information; basis for decisions","facts and figures","multiple","conflates","high","Opens with 'facts, figures, observations' enumerating constituent elements, then adds collection and decision-support."
